Year,Search_Topic_ID,Search_Topic,KW,TI,TS
1000,6,Ionic Liquids (All),0,0,1
1000,7,ILs in Electrochemistry,0,0,1
1000,8,ILs in Electrochemical Manufacturing,0,0,1
1800,0,Electrochemistry,0,0,29
1800,1,Electrochemical Manufacturing,0,0,13
1800,2,Temperature in Electrochemistry,0,0,3
1800,3,Temperature in Electrochemical Manufacturing,0,0,2
1800,6,Ionic Liquids (All),0,0,6
1825,0,Electrochemistry,2,0,0
1900,0,Electrochemistry,4,4,11
1900,1,Electrochemical Manufacturing,0,0,1
1900,2,Temperature in Electrochemistry,0,0,1
1900,3,Temperature in Electrochemical Manufacturing,0,0,1
1900,4,Elevated-Temperature in Electrochemistry,0,0,1
1900,5,Elevated-Temperature Electrochemical Manufacturing,0,0,1
1900,6,Ionic Liquids (All),0,0,1
1901,0,Electrochemistry,22,22,24
1901,6,Ionic Liquids (All),0,0,1
1902,0,Electrochemistry,14,14,14
1902,6,Ionic Liquids (All),0,0,1
1903,0,Electrochemistry,17,17,18
1903,1,Electrochemical Manufacturing,1,1,1
1904,0,Electrochemistry,10,10,10
1904,6,Ionic Liquids (All),0,0,1
1905,0,Electrochemistry,4,4,15
1905,1,Electrochemical Manufacturing,0,0,4
1905,2,Temperature in Electrochemistry,0,0,3
1905,3,Temperature in Electrochemical Manufacturing,0,0,1
1905,6,Ionic Liquids (All),0,0,2
1906,0,Electrochemistry,12,12,13
1907,0,Electrochemistry,5,5,6
1908,0,Electrochemistry,13,13,13
1908,2,Temperature in Electrochemistry,1,1,1
1909,0,Electrochemistry,14,14,14
1910,0,Electrochemistry,18,18,18
1911,0,Electrochemistry,16,16,16
1912,0,Electrochemistry,15,15,17
1912,2,Temperature in Electrochemistry,1,1,1
1913,0,Electrochemistry,12,12,13
1913,6,Ionic Liquids (All),0,0,1
1914,0,Electrochemistry,5,5,6
1915,0,Electrochemistry,2,2,2
1915,1,Electrochemical Manufacturing,1,1,1
1916,0,Electrochemistry,3,3,3
1917,0,Electrochemistry,1,1,2
1917,6,Ionic Liquids (All),0,0,1
1918,0,Electrochemistry,3,3,3
1918,1,Electrochemical Manufacturing,1,1,1
1918,6,Ionic Liquids (All),0,0,2
1919,0,Electrochemistry,9,9,10
1920,0,Electrochemistry,11,11,12
1920,2,Temperature in Electrochemistry,0,0,1
1921,0,Electrochemistry,7,7,8
1922,0,Electrochemistry,15,15,16
1922,6,Ionic Liquids (All),0,0,1
1923,0,Electrochemistry,9,9,9
1924,0,Electrochemistry,12,12,14
1924,6,Ionic Liquids (All),0,0,2
1925,0,Electrochemistry,10,10,12
1925,1,Electrochemical Manufacturing,1,1,1
1925,6,Ionic Liquids (All),0,0,1
1926,0,Electrochemistry,17,17,23
1926,6,Ionic Liquids (All),0,0,4
1927,0,Electrochemistry,12,12,22
1927,6,Ionic Liquids (All),0,0,4
1928,0,Electrochemistry,22,22,30
1928,6,Ionic Liquids (All),0,0,2
1929,0,Electrochemistry,13,13,17
1929,2,Temperature in Electrochemistry,1,1,1
1929,6,Ionic Liquids (All),0,0,1
1930,0,Electrochemistry,21,21,25
1931,0,Electrochemistry,17,17,22
1931,2,Temperature in Electrochemistry,0,0,1
1931,6,Ionic Liquids (All),0,0,3
1932,0,Electrochemistry,15,15,23
1932,2,Temperature in Electrochemistry,1,1,1
1932,6,Ionic Liquids (All),0,0,2
1933,0,Electrochemistry,15,15,20
1933,6,Ionic Liquids (All),0,0,1
1934,0,Electrochemistry,18,18,22
1934,6,Ionic Liquids (All),0,0,1
1935,0,Electrochemistry,28,28,36
1935,6,Ionic Liquids (All),0,0,1
1936,0,Electrochemistry,20,20,26
1936,1,Electrochemical Manufacturing,1,1,1
1936,6,Ionic Liquids (All),0,0,3
1937,0,Electrochemistry,20,20,22
1937,6,Ionic Liquids (All),0,0,1
1938,0,Electrochemistry,17,17,22
1938,6,Ionic Liquids (All),0,0,1
1939,0,Electrochemistry,8,8,18
1939,2,Temperature in Electrochemistry,0,0,1
1939,6,Ionic Liquids (All),0,0,1
1940,0,Electrochemistry,11,11,23
1940,1,Electrochemical Manufacturing,1,1,1
1940,6,Ionic Liquids (All),0,0,2
1941,0,Electrochemistry,7,7,13
1941,1,Electrochemical Manufacturing,0,0,1
1941,6,Ionic Liquids (All),0,0,3
1942,0,Electrochemistry,10,10,20
1942,6,Ionic Liquids (All),0,0,4
1943,0,Electrochemistry,7,7,17
1943,6,Ionic Liquids (All),0,0,4
1944,0,Electrochemistry,9,9,19
1944,6,Ionic Liquids (All),0,0,2
1945,0,Electrochemistry,8,8,13
1945,1,Electrochemical Manufacturing,2,2,2
1945,6,Ionic Liquids (All),0,0,1
1946,0,Electrochemistry,13,13,22
1946,1,Electrochemical Manufacturing,1,1,1
1946,2,Temperature in Electrochemistry,0,0,1
1946,6,Ionic Liquids (All),0,0,4
1947,0,Electrochemistry,14,14,31
1947,1,Electrochemical Manufacturing,1,1,1
1947,6,Ionic Liquids (All),0,0,3
1948,0,Electrochemistry,15,15,23
1948,1,Electrochemical Manufacturing,0,0,1
1948,6,Ionic Liquids (All),0,0,2
1949,0,Electrochemistry,22,22,31
1949,2,Temperature in Electrochemistry,1,1,2
1949,6,Ionic Liquids (All),0,0,9
1950,0,Electrochemistry,18,18,34
1950,1,Electrochemical Manufacturing,0,0,1
1950,2,Temperature in Electrochemistry,0,0,1
1950,6,Ionic Liquids (All),0,0,5
1951,0,Electrochemistry,26,26,46
1951,1,Electrochemical Manufacturing,0,0,1
1951,6,Ionic Liquids (All),0,0,5
1952,0,Electrochemistry,38,38,63
1952,2,Temperature in Electrochemistry,2,2,3
1952,4,Elevated-Temperature in Electrochemistry,1,1,1
1952,6,Ionic Liquids (All),0,0,6
1953,0,Electrochemistry,45,45,64
1953,1,Electrochemical Manufacturing,0,0,1
1953,2,Temperature in Electrochemistry,0,0,1
1953,6,Ionic Liquids (All),0,0,7
1954,0,Electrochemistry,19,19,48
1954,1,Electrochemical Manufacturing,0,0,1
1954,2,Temperature in Electrochemistry,1,1,2
1954,6,Ionic Liquids (All),0,0,13
1955,0,Electrochemistry,33,33,59
1955,2,Temperature in Electrochemistry,0,0,3
1955,6,Ionic Liquids (All),0,0,9
1955,7,ILs in Electrochemistry,0,0,1
1956,0,Electrochemistry,36,36,63
1956,1,Electrochemical Manufacturing,0,0,1
1956,2,Temperature in Electrochemistry,0,0,1
1956,6,Ionic Liquids (All),0,0,14
1956,7,ILs in Electrochemistry,0,0,1
1956,8,ILs in Electrochemical Manufacturing,0,0,1
1957,0,Electrochemistry,59,59,97
1957,1,Electrochemical Manufacturing,0,0,2
1957,2,Temperature in Electrochemistry,0,0,2
1957,6,Ionic Liquids (All),0,0,10
1958,0,Electrochemistry,59,59,105
1958,2,Temperature in Electrochemistry,2,2,5
1958,6,Ionic Liquids (All),0,0,9
1959,0,Electrochemistry,58,58,101
1959,1,Electrochemical Manufacturing,1,1,2
1959,2,Temperature in Electrochemistry,2,2,5
1959,6,Ionic Liquids (All),0,0,8
1960,0,Electrochemistry,69,69,120
1960,1,Electrochemical Manufacturing,1,1,1
1960,2,Temperature in Electrochemistry,1,1,3
1960,6,Ionic Liquids (All),0,0,16
1961,0,Electrochemistry,88,88,138
1961,1,Electrochemical Manufacturing,3,3,4
1961,2,Temperature in Electrochemistry,6,6,13
1961,3,Temperature in Electrochemical Manufacturing,0,0,1
1961,4,Elevated-Temperature in Electrochemistry,1,1,2
1961,6,Ionic Liquids (All),0,0,20
1962,0,Electrochemistry,91,91,131
1962,1,Electrochemical Manufacturing,1,1,1
1962,2,Temperature in Electrochemistry,1,1,3
1962,4,Elevated-Temperature in Electrochemistry,1,1,2
1962,6,Ionic Liquids (All),0,0,16
1963,0,Electrochemistry,110,110,171
1963,1,Electrochemical Manufacturing,1,1,2
1963,2,Temperature in Electrochemistry,1,1,3
1963,6,Ionic Liquids (All),0,0,11
1964,0,Electrochemistry,144,144,228
1964,1,Electrochemical Manufacturing,3,3,6
1964,2,Temperature in Electrochemistry,2,2,8
1964,3,Temperature in Electrochemical Manufacturing,0,0,1
1964,6,Ionic Liquids (All),0,0,20
1965,0,Electrochemistry,140,140,253
1965,1,Electrochemical Manufacturing,5,5,7
1965,2,Temperature in Electrochemistry,3,3,11
1965,4,Elevated-Temperature in Electrochemistry,0,0,1
1965,6,Ionic Liquids (All),0,0,23
1966,0,Electrochemistry,237,237,405
1966,1,Electrochemical Manufacturing,2,2,6
1966,2,Temperature in Electrochemistry,5,5,20
1966,4,Elevated-Temperature in Electrochemistry,1,1,3
1966,6,Ionic Liquids (All),0,0,55
1967,0,Electrochemistry,270,270,502
1967,1,Electrochemical Manufacturing,5,5,10
1967,2,Temperature in Electrochemistry,5,5,16
1967,4,Elevated-Temperature in Electrochemistry,2,2,4
1967,6,Ionic Liquids (All),0,0,55
1968,0,Electrochemistry,384,384,828
1968,1,Electrochemical Manufacturing,5,5,42
1968,2,Temperature in Electrochemistry,6,6,45
1968,3,Temperature in Electrochemical Manufacturing,0,0,3
1968,4,Elevated-Temperature in Electrochemistry,1,1,3
1968,6,Ionic Liquids (All),0,0,124
1968,7,ILs in Electrochemistry,0,0,7
1968,8,ILs in Electrochemical Manufacturing,0,0,1
1969,0,Electrochemistry,438,438,796
1969,1,Electrochemical Manufacturing,6,6,62
1969,2,Temperature in Electrochemistry,7,7,56
1969,3,Temperature in Electrochemical Manufacturing,0,0,6
1969,4,Elevated-Temperature in Electrochemistry,4,4,6
1969,5,Elevated-Temperature Electrochemical Manufacturing,0,0,1
1969,6,Ionic Liquids (All),0,0,88
1969,7,ILs in Electrochemistry,0,0,5
1970,0,Electrochemistry,467,467,1249
1970,1,Electrochemical Manufacturing,15,15,104
1970,2,Temperature in Electrochemistry,7,7,90
1970,3,Temperature in Electrochemical Manufacturing,0,0,10
1970,4,Elevated-Temperature in Electrochemistry,2,2,8
1970,5,Elevated-Temperature Electrochemical Manufacturing,0,0,2
1970,6,Ionic Liquids (All),0,0,135
1970,7,ILs in Electrochemistry,0,0,10
1971,0,Electrochemistry,547,546,1353
1971,1,Electrochemical Manufacturing,10,10,110
1971,2,Temperature in Electrochemistry,5,5,83
1971,3,Temperature in Electrochemical Manufacturing,0,0,19
1971,4,Elevated-Temperature in Electrochemistry,2,2,6
1971,5,Elevated-Temperature Electrochemical Manufacturing,0,0,2
1971,6,Ionic Liquids (All),0,0,144
1971,7,ILs in Electrochemistry,0,0,4
1971,8,ILs in Electrochemical Manufacturing,0,0,1
1972,0,Electrochemistry,562,562,1393
1972,1,Electrochemical Manufacturing,18,18,116
1972,2,Temperature in Electrochemistry,8,8,87
1972,3,Temperature in Electrochemical Manufacturing,0,0,19
1972,4,Elevated-Temperature in Electrochemistry,0,0,8
1972,5,Elevated-Temperature Electrochemical Manufacturing,0,0,3
1972,6,Ionic Liquids (All),0,0,192
1972,7,ILs in Electrochemistry,0,0,10
1972,8,ILs in Electrochemical Manufacturing,0,0,2
1973,0,Electrochemistry,644,644,1667
1973,1,Electrochemical Manufacturing,13,13,155
1973,2,Temperature in Electrochemistry,8,8,107
1973,3,Temperature in Electrochemical Manufacturing,0,0,22
1973,4,Elevated-Temperature in Electrochemistry,2,2,12
1973,5,Elevated-Temperature Electrochemical Manufacturing,0,0,6
1973,6,Ionic Liquids (All),0,0,237
1973,7,ILs in Electrochemistry,0,0,17
1974,0,Electrochemistry,583,583,1562
1974,1,Electrochemical Manufacturing,15,15,150
1974,2,Temperature in Electrochemistry,8,8,99
1974,3,Temperature in Electrochemical Manufacturing,0,0,18
1974,4,Elevated-Temperature in Electrochemistry,3,3,13
1974,5,Elevated-Temperature Electrochemical Manufacturing,0,0,2
1974,6,Ionic Liquids (All),0,0,255
1974,7,ILs in Electrochemistry,0,0,14
1975,0,Electrochemistry,754,753,1898
1975,1,Electrochemical Manufacturing,21,21,172
1975,2,Temperature in Electrochemistry,13,13,120
1975,3,Temperature in Electrochemical Manufacturing,0,0,19
1975,4,Elevated-Temperature in Electrochemistry,1,1,7
1975,6,Ionic Liquids (All),0,0,287
1975,7,ILs in Electrochemistry,0,0,18
1975,8,ILs in Electrochemical Manufacturing,0,0,1
1976,0,Electrochemistry,729,729,2079
1976,1,Electrochemical Manufacturing,39,39,216
1976,2,Temperature in Electrochemistry,7,7,164
1976,3,Temperature in Electrochemical Manufacturing,0,0,29
1976,4,Elevated-Temperature in Electrochemistry,2,2,16
1976,5,Elevated-Temperature Electrochemical Manufacturing,0,0,4
1976,6,Ionic Liquids (All),0,0,274
1976,7,ILs in Electrochemistry,0,0,17
1976,8,ILs in Electrochemical Manufacturing,0,0,2
1977,0,Electrochemistry,900,894,2560
1977,1,Electrochemical Manufacturing,30,30,292
1977,2,Temperature in Electrochemistry,16,15,193
1977,3,Temperature in Electrochemical Manufacturing,0,0,31
1977,4,Elevated-Temperature in Electrochemistry,4,4,18
1977,5,Elevated-Temperature Electrochemical Manufacturing,0,0,2
1977,6,Ionic Liquids (All),0,0,230
1977,7,ILs in Electrochemistry,0,0,28
1978,0,Electrochemistry,980,979,2702
1978,1,Electrochemical Manufacturing,43,43,338
1978,2,Temperature in Electrochemistry,14,14,185
1978,3,Temperature in Electrochemical Manufacturing,0,0,38
1978,4,Elevated-Temperature in Electrochemistry,3,3,18
1978,5,Elevated-Temperature Electrochemical Manufacturing,0,0,2
1978,6,Ionic Liquids (All),0,0,248
1978,7,ILs in Electrochemistry,0,0,29
1978,8,ILs in Electrochemical Manufacturing,0,0,3
1979,0,Electrochemistry,1025,1025,2674
1979,1,Electrochemical Manufacturing,51,51,346
1979,2,Temperature in Electrochemistry,20,20,194
1979,3,Temperature in Electrochemical Manufacturing,0,0,34
1979,4,Elevated-Temperature in Electrochemistry,4,4,24
1979,5,Elevated-Temperature Electrochemical Manufacturing,0,0,2
1979,6,Ionic Liquids (All),0,0,241
1979,7,ILs in Electrochemistry,0,0,27
1980,0,Electrochemistry,1156,1156,3025
1980,1,Electrochemical Manufacturing,48,48,394
1980,2,Temperature in Electrochemistry,18,18,203
1980,3,Temperature in Electrochemical Manufacturing,0,0,39
1980,4,Elevated-Temperature in Electrochemistry,2,2,22
1980,5,Elevated-Temperature Electrochemical Manufacturing,0,0,7
1980,6,Ionic Liquids (All),0,0,283
1980,7,ILs in Electrochemistry,0,0,25
1980,8,ILs in Electrochemical Manufacturing,0,0,3
1981,0,Electrochemistry,1197,1197,3199
1981,1,Electrochemical Manufacturing,62,62,468
1981,2,Temperature in Electrochemistry,15,15,277
1981,3,Temperature in Electrochemical Manufacturing,0,0,80
1981,4,Elevated-Temperature in Electrochemistry,2,2,35
1981,5,Elevated-Temperature Electrochemical Manufacturing,0,0,12
1981,6,Ionic Liquids (All),0,0,358
1981,7,ILs in Electrochemistry,0,0,28
1981,8,ILs in Electrochemical Manufacturing,0,0,4
1982,0,Electrochemistry,1461,1461,3571
1982,1,Electrochemical Manufacturing,62,62,487
1982,2,Temperature in Electrochemistry,15,15,272
1982,3,Temperature in Electrochemical Manufacturing,1,1,65
1982,4,Elevated-Temperature in Electrochemistry,2,2,31
1982,5,Elevated-Temperature Electrochemical Manufacturing,0,0,12
1982,6,Ionic Liquids (All),0,0,311
1982,7,ILs in Electrochemistry,0,0,17
1982,8,ILs in Electrochemical Manufacturing,0,0,1
1983,0,Electrochemistry,1572,1572,3801
1983,1,Electrochemical Manufacturing,76,76,537
1983,2,Temperature in Electrochemistry,31,31,298
1983,3,Temperature in Electrochemical Manufacturing,0,0,78
1983,4,Elevated-Temperature in Electrochemistry,4,4,30
1983,5,Elevated-Temperature Electrochemical Manufacturing,0,0,8
1983,6,Ionic Liquids (All),0,0,432
1983,7,ILs in Electrochemistry,0,0,32
1983,8,ILs in Electrochemical Manufacturing,0,0,5
1984,0,Electrochemistry,1567,1567,4016
1984,1,Electrochemical Manufacturing,68,68,505
1984,2,Temperature in Electrochemistry,22,22,284
1984,3,Temperature in Electrochemical Manufacturing,0,0,53
1984,4,Elevated-Temperature in Electrochemistry,7,7,28
1984,5,Elevated-Temperature Electrochemical Manufacturing,0,0,2
1984,6,Ionic Liquids (All),0,0,414
1984,7,ILs in Electrochemistry,0,0,36
1984,8,ILs in Electrochemical Manufacturing,0,0,8
1985,0,Electrochemistry,1497,1497,4333
1985,1,Electrochemical Manufacturing,89,89,612
1985,2,Temperature in Electrochemistry,20,20,339
1985,3,Temperature in Electrochemical Manufacturing,3,3,70
1985,4,Elevated-Temperature in Electrochemistry,5,5,35
1985,5,Elevated-Temperature Electrochemical Manufacturing,1,1,3
1985,6,Ionic Liquids (All),0,0,419
1985,7,ILs in Electrochemistry,0,0,22
1985,8,ILs in Electrochemical Manufacturing,0,0,1
1986,0,Electrochemistry,1634,1632,4518
1986,1,Electrochemical Manufacturing,78,78,569
1986,2,Temperature in Electrochemistry,26,26,329
1986,3,Temperature in Electrochemical Manufacturing,1,1,62
1986,4,Elevated-Temperature in Electrochemistry,2,2,33
1986,5,Elevated-Temperature Electrochemical Manufacturing,0,0,8
1986,6,Ionic Liquids (All),0,0,447
1986,7,ILs in Electrochemistry,0,0,38
1986,8,ILs in Electrochemical Manufacturing,0,0,6
1986,9,Elevated-T IL Electrochemical Manufacturing,0,0,1
1987,0,Electrochemistry,1871,1871,5137
1987,1,Electrochemical Manufacturing,109,109,656
1987,2,Temperature in Electrochemistry,30,30,388
1987,3,Temperature in Electrochemical Manufacturing,0,0,77
1987,4,Elevated-Temperature in Electrochemistry,4,4,32
1987,5,Elevated-Temperature Electrochemical Manufacturing,0,0,7
1987,6,Ionic Liquids (All),0,0,517
1987,7,ILs in Electrochemistry,0,0,37
1987,8,ILs in Electrochemical Manufacturing,0,0,3
1988,0,Electrochemistry,1742,1742,5060
1988,1,Electrochemical Manufacturing,111,111,715
1988,2,Temperature in Electrochemistry,39,39,442
1988,3,Temperature in Electrochemical Manufacturing,3,3,99
1988,4,Elevated-Temperature in Electrochemistry,8,8,60
1988,5,Elevated-Temperature Electrochemical Manufacturing,2,2,18
1988,6,Ionic Liquids (All),0,0,534
1988,7,ILs in Electrochemistry,0,0,53
1988,8,ILs in Electrochemical Manufacturing,0,0,3
1989,0,Electrochemistry,1684,1677,5214
1989,1,Electrochemical Manufacturing,108,106,790
1989,2,Temperature in Electrochemistry,32,31,521
1989,3,Temperature in Electrochemical Manufacturing,2,2,128
1989,4,Elevated-Temperature in Electrochemistry,6,5,68
1989,5,Elevated-Temperature Electrochemical Manufacturing,1,1,18
1989,6,Ionic Liquids (All),0,0,499
1989,7,ILs in Electrochemistry,0,0,30
1989,8,ILs in Electrochemical Manufacturing,0,0,7
1990,0,Electrochemistry,1969,1890,6021
1990,1,Electrochemical Manufacturing,150,142,1014
1990,2,Temperature in Electrochemistry,38,28,609
1990,3,Temperature in Electrochemical Manufacturing,2,1,143
1990,4,Elevated-Temperature in Electrochemistry,7,6,86
1990,5,Elevated-Temperature Electrochemical Manufacturing,0,0,19
1990,6,Ionic Liquids (All),0,0,551
1990,7,ILs in Electrochemistry,0,0,49
1990,8,ILs in Electrochemical Manufacturing,0,0,4
1990,9,Elevated-T IL Electrochemical Manufacturing,0,0,1
1991,0,Electrochemistry,3003,1921,7435
1991,1,Electrochemical Manufacturing,227,131,1178
1991,2,Temperature in Electrochemistry,74,28,875
1991,3,Temperature in Electrochemical Manufacturing,5,3,194
1991,4,Elevated-Temperature in Electrochemistry,11,6,126
1991,5,Elevated-Temperature Electrochemical Manufacturing,3,3,30
1991,6,Ionic Liquids (All),0,0,783
1991,7,ILs in Electrochemistry,0,0,54
1991,8,ILs in Electrochemical Manufacturing,0,0,8
1992,0,Electrochemistry,2963,1840,7300
1992,1,Electrochemical Manufacturing,255,141,1201
1992,2,Temperature in Electrochemistry,106,27,901
1992,3,Temperature in Electrochemical Manufacturing,7,1,217
1992,4,Elevated-Temperature in Electrochemistry,15,8,103
1992,5,Elevated-Temperature Electrochemical Manufacturing,2,1,23
1992,6,Ionic Liquids (All),0,0,793
1992,7,ILs in Electrochemistry,0,0,68
1992,8,ILs in Electrochemical Manufacturing,0,0,11
1993,0,Electrochemistry,3203,2021,7938
1993,1,Electrochemical Manufacturing,251,145,1442
1993,2,Temperature in Electrochemistry,90,31,988
1993,3,Temperature in Electrochemical Manufacturing,3,2,264
1993,4,Elevated-Temperature in Electrochemistry,13,8,139
1993,5,Elevated-Temperature Electrochemical Manufacturing,0,0,33
1993,6,Ionic Liquids (All),0,0,825
1993,7,ILs in Electrochemistry,0,0,73
1993,8,ILs in Electrochemical Manufacturing,0,0,8
1994,0,Electrochemistry,3319,1962,8089
1994,1,Electrochemical Manufacturing,285,166,1509
1994,2,Temperature in Electrochemistry,115,24,1083
1994,3,Temperature in Electrochemical Manufacturing,8,3,273
1994,4,Elevated-Temperature in Electrochemistry,18,5,156
1994,5,Elevated-Temperature Electrochemical Manufacturing,2,1,50
1994,6,Ionic Liquids (All),0,0,864
1994,7,ILs in Electrochemistry,0,0,86
1994,8,ILs in Electrochemical Manufacturing,0,0,11
1995,0,Electrochemistry,3569,2189,8987
1995,1,Electrochemical Manufacturing,286,153,1969
1995,2,Temperature in Electrochemistry,112,33,1325
1995,3,Temperature in Electrochemical Manufacturing,7,4,393
1995,4,Elevated-Temperature in Electrochemistry,18,5,160
1995,5,Elevated-Temperature Electrochemical Manufacturing,2,2,48
1995,6,Ionic Liquids (All),0,0,962
1995,7,ILs in Electrochemistry,0,0,107
1995,8,ILs in Electrochemical Manufacturing,0,0,24
1995,9,Elevated-T IL Electrochemical Manufacturing,0,0,2
1996,0,Electrochemistry,3804,2332,9878
1996,1,Electrochemical Manufacturing,352,210,2359
1996,2,Temperature in Electrochemistry,137,50,1676
1996,3,Temperature in Electrochemical Manufacturing,17,12,582
1996,4,Elevated-Temperature in Electrochemistry,29,17,238
1996,5,Elevated-Temperature Electrochemical Manufacturing,8,8,104
1996,6,Ionic Liquids (All),0,0,1026
1996,7,ILs in Electrochemistry,0,0,122
1996,8,ILs in Electrochemical Manufacturing,0,0,36
1997,0,Electrochemistry,4507,2657,11476
1997,1,Electrochemical Manufacturing,425,233,3250
1997,2,Temperature in Electrochemistry,162,51,1976
1997,3,Temperature in Electrochemical Manufacturing,23,16,820
1997,4,Elevated-Temperature in Electrochemistry,29,15,301
1997,5,Elevated-Temperature Electrochemical Manufacturing,7,6,134
1997,6,Ionic Liquids (All),0,0,1136
1997,7,ILs in Electrochemistry,0,0,142
1997,8,ILs in Electrochemical Manufacturing,0,0,46
1997,9,Elevated-T IL Electrochemical Manufacturing,0,0,2
1998,0,Electrochemistry,4543,2687,11298
1998,1,Electrochemical Manufacturing,450,274,2893
1998,2,Temperature in Electrochemistry,174,46,1910
1998,3,Temperature in Electrochemical Manufacturing,19,6,632
1998,4,Elevated-Temperature in Electrochemistry,27,11,309
1998,5,Elevated-Temperature Electrochemical Manufacturing,2,2,130
1998,6,Ionic Liquids (All),0,0,1226
1998,7,ILs in Electrochemistry,0,0,133
1998,8,ILs in Electrochemical Manufacturing,0,0,37
1998,9,Elevated-T IL Electrochemical Manufacturing,0,0,5
1999,0,Electrochemistry,4749,2646,11950
1999,1,Electrochemical Manufacturing,512,252,3595
1999,2,Temperature in Electrochemistry,161,39,2312
1999,3,Temperature in Electrochemical Manufacturing,20,4,1020
1999,4,Elevated-Temperature in Electrochemistry,23,9,489
1999,5,Elevated-Temperature Electrochemical Manufacturing,3,1,326
1999,6,Ionic Liquids (All),0,0,1295
1999,7,ILs in Electrochemistry,0,0,163
1999,8,ILs in Electrochemical Manufacturing,0,0,63
1999,9,Elevated-T IL Electrochemical Manufacturing,0,0,15
2000,0,Electrochemistry,4788,2673,12526
2000,1,Electrochemical Manufacturing,474,239,3686
2000,2,Temperature in Electrochemistry,199,42,2353
2000,3,Temperature in Electrochemical Manufacturing,23,8,988
2000,4,Elevated-Temperature in Electrochemistry,34,9,484
2000,5,Elevated-Temperature Electrochemical Manufacturing,3,2,269
2000,6,Ionic Liquids (All),0,0,1359
2000,7,ILs in Electrochemistry,0,0,205
2000,8,ILs in Electrochemical Manufacturing,0,0,43
2000,9,Elevated-T IL Electrochemical Manufacturing,0,0,6
2001,0,Electrochemistry,5090,2783,13046
2001,1,Electrochemical Manufacturing,554,286,3894
2001,2,Temperature in Electrochemistry,232,57,2313
2001,3,Temperature in Electrochemical Manufacturing,23,7,975
2001,4,Elevated-Temperature in Electrochemistry,36,11,421
2001,5,Elevated-Temperature Electrochemical Manufacturing,4,2,242
2001,6,Ionic Liquids (All),0,0,1578
2001,7,ILs in Electrochemistry,0,0,198
2001,8,ILs in Electrochemical Manufacturing,0,0,61
2001,9,Elevated-T IL Electrochemical Manufacturing,0,0,4
2002,0,Electrochemistry,5309,3010,14513
2002,1,Electrochemical Manufacturing,593,282,4487
2002,2,Temperature in Electrochemistry,250,52,2715
2002,3,Temperature in Electrochemical Manufacturing,32,4,1191
2002,4,Elevated-Temperature in Electrochemistry,37,15,483
2002,5,Elevated-Temperature Electrochemical Manufacturing,3,2,280
2002,6,Ionic Liquids (All),0,0,2099
2002,7,ILs in Electrochemistry,0,0,305
2002,8,ILs in Electrochemical Manufacturing,0,0,92
2002,9,Elevated-T IL Electrochemical Manufacturing,0,0,6
2003,0,Electrochemistry,5733,3115,16241
2003,1,Electrochemical Manufacturing,625,292,5209
2003,2,Temperature in Electrochemistry,274,60,3106
2003,3,Temperature in Electrochemical Manufacturing,31,5,1385
2003,4,Elevated-Temperature in Electrochemistry,48,15,522
2003,5,Elevated-Temperature Electrochemical Manufacturing,4,2,296
2003,6,Ionic Liquids (All),0,0,2381
2003,7,ILs in Electrochemistry,0,0,333
2003,8,ILs in Electrochemical Manufacturing,0,0,118
2003,9,Elevated-T IL Electrochemical Manufacturing,0,0,9
2004,0,Electrochemistry,6405,3481,17766
2004,1,Electrochemical Manufacturing,718,349,5668
2004,2,Temperature in Electrochemistry,317,55,3511
2004,3,Temperature in Electrochemical Manufacturing,40,4,1546
2004,4,Elevated-Temperature in Electrochemistry,49,17,647
2004,5,Elevated-Temperature Electrochemical Manufacturing,4,1,378
2004,6,Ionic Liquids (All),0,0,2756
2004,7,ILs in Electrochemistry,0,0,409
2004,8,ILs in Electrochemical Manufacturing,0,0,132
2004,9,Elevated-T IL Electrochemical Manufacturing,0,0,11
2005,0,Electrochemistry,7134,3811,19611
2005,1,Electrochemical Manufacturing,888,441,6844
2005,2,Temperature in Electrochemistry,380,80,4127
2005,3,Temperature in Electrochemical Manufacturing,51,10,1951
2005,4,Elevated-Temperature in Electrochemistry,69,18,726
2005,5,Elevated-Temperature Electrochemical Manufacturing,6,2,455
2005,6,Ionic Liquids (All),0,0,3280
2005,7,ILs in Electrochemistry,0,0,470
2005,8,ILs in Electrochemical Manufacturing,0,0,174
2005,9,Elevated-T IL Electrochemical Manufacturing,0,0,10
2006,0,Electrochemistry,8062,4240,21262
2006,1,Electrochemical Manufacturing,1054,497,8028
2006,2,Temperature in Electrochemistry,477,89,4619
2006,3,Temperature in Electrochemical Manufacturing,63,10,2407
2006,4,Elevated-Temperature in Electrochemistry,87,17,869
2006,5,Elevated-Temperature Electrochemical Manufacturing,6,1,586
2006,6,Ionic Liquids (All),0,0,4088
2006,7,ILs in Electrochemistry,0,0,592
2006,8,ILs in Electrochemical Manufacturing,0,0,234
2006,9,Elevated-T IL Electrochemical Manufacturing,0,0,15
2007,0,Electrochemistry,9260,4805,23856
2007,1,Electrochemical Manufacturing,1254,574,9231
2007,2,Temperature in Electrochemistry,559,109,5450
2007,3,Temperature in Electrochemical Manufacturing,86,11,2797
2007,4,Elevated-Temperature in Electrochemistry,122,32,1026
2007,5,Elevated-Temperature Electrochemical Manufacturing,16,3,684
2007,6,Ionic Liquids (All),0,0,4528
2007,7,ILs in Electrochemistry,0,0,698
2007,8,ILs in Electrochemical Manufacturing,0,0,272
2007,9,Elevated-T IL Electrochemical Manufacturing,0,0,21
2008,0,Electrochemistry,9677,4928,26359
2008,1,Electrochemical Manufacturing,1336,613,10495
2008,2,Temperature in Electrochemistry,644,126,6491
2008,3,Temperature in Electrochemical Manufacturing,126,19,3470
2008,4,Elevated-Temperature in Electrochemistry,105,25,1195
2008,5,Elevated-Temperature Electrochemical Manufacturing,8,3,829
2008,6,Ionic Liquids (All),0,0,5559
2008,7,ILs in Electrochemistry,0,0,835
2008,8,ILs in Electrochemical Manufacturing,0,0,336
2008,9,Elevated-T IL Electrochemical Manufacturing,0,0,21
2009,0,Electrochemistry,11019,5363,28553
2009,1,Electrochemical Manufacturing,1616,651,11774
2009,2,Temperature in Electrochemistry,769,122,7217
2009,3,Temperature in Electrochemical Manufacturing,135,17,3977
2009,4,Elevated-Temperature in Electrochemistry,146,34,1342
2009,5,Elevated-Temperature Electrochemical Manufacturing,13,2,939
2009,6,Ionic Liquids (All),0,0,6288
2009,7,ILs in Electrochemistry,0,0,1058
2009,8,ILs in Electrochemical Manufacturing,0,0,430
2009,9,Elevated-T IL Electrochemical Manufacturing,0,0,20
2010,0,Electrochemistry,12218,5845,30477
2010,1,Electrochemical Manufacturing,1720,716,12619
2010,2,Temperature in Electrochemistry,873,117,7573
2010,3,Temperature in Electrochemical Manufacturing,146,14,4207
2010,4,Elevated-Temperature in Electrochemistry,143,30,1436
2010,5,Elevated-Temperature Electrochemical Manufacturing,15,1,1005
2010,6,Ionic Liquids (All),0,0,6974
2010,7,ILs in Electrochemistry,0,0,1148
2010,8,ILs in Electrochemical Manufacturing,0,0,463
2010,9,Elevated-T IL Electrochemical Manufacturing,0,0,27
2011,0,Electrochemistry,13754,6739,35365
2011,1,Electrochemical Manufacturing,1986,822,15544
2011,2,Temperature in Electrochemistry,957,137,9114
2011,3,Temperature in Electrochemical Manufacturing,171,11,5228
2011,4,Elevated-Temperature in Electrochemistry,175,42,1688
2011,5,Elevated-Temperature Electrochemical Manufacturing,18,2,1164
2011,6,Ionic Liquids (All),0,0,7736
2011,7,ILs in Electrochemistry,0,0,1243
2011,8,ILs in Electrochemical Manufacturing,0,0,518
2011,9,Elevated-T IL Electrochemical Manufacturing,0,0,27
2012,0,Electrochemistry,14949,7368,37968
2012,1,Electrochemical Manufacturing,2337,965,17505
2012,2,Temperature in Electrochemistry,1066,165,9800
2012,3,Temperature in Electrochemical Manufacturing,197,20,5845
2012,4,Elevated-Temperature in Electrochemistry,196,51,1679
2012,5,Elevated-Temperature Electrochemical Manufacturing,17,4,1210
2012,6,Ionic Liquids (All),0,0,8756
2012,7,ILs in Electrochemistry,0,0,1499
2012,8,ILs in Electrochemical Manufacturing,0,0,651
2012,9,Elevated-T IL Electrochemical Manufacturing,0,0,35
2013,0,Electrochemistry,17362,8416,43905
2013,1,Electrochemical Manufacturing,2909,1121,21254
2013,2,Temperature in Electrochemistry,1190,167,11045
2013,3,Temperature in Electrochemical Manufacturing,217,15,6779
2013,4,Elevated-Temperature in Electrochemistry,240,50,2013
2013,5,Elevated-Temperature Electrochemical Manufacturing,26,3,1468
2013,6,Ionic Liquids (All),0,0,9430
2013,7,ILs in Electrochemistry,0,0,1735
2013,8,ILs in Electrochemical Manufacturing,0,0,805
2013,9,Elevated-T IL Electrochemical Manufacturing,0,0,39
2014,0,Electrochemistry,19445,9125,47408
2014,1,Electrochemical Manufacturing,3445,1169,23772
2014,2,Temperature in Electrochemistry,1344,180,11946
2014,3,Temperature in Electrochemical Manufacturing,277,33,7562
2014,4,Elevated-Temperature in Electrochemistry,244,44,2058
2014,5,Elevated-Temperature Electrochemical Manufacturing,35,7,1464
2014,6,Ionic Liquids (All),0,0,10472
2014,7,ILs in Electrochemistry,0,0,1974
2014,8,ILs in Electrochemical Manufacturing,0,0,1011
2014,9,Elevated-T IL Electrochemical Manufacturing,0,0,55
2015,0,Electrochemistry,21392,9699,49776
2015,1,Electrochemical Manufacturing,3991,1271,24482
2015,2,Temperature in Electrochemistry,1363,163,11914
2015,3,Temperature in Electrochemical Manufacturing,301,22,7470
2015,4,Elevated-Temperature in Electrochemistry,253,44,1992
2015,5,Elevated-Temperature Electrochemical Manufacturing,29,1,1330
2015,6,Ionic Liquids (All),0,0,10676
2015,7,ILs in Electrochemistry,0,0,1898
2015,8,ILs in Electrochemical Manufacturing,0,0,888
2015,9,Elevated-T IL Electrochemical Manufacturing,0,0,36
2016,0,Electrochemistry,23366,10584,54071
2016,1,Electrochemical Manufacturing,4052,1198,27339
2016,2,Temperature in Electrochemistry,1446,169,13266
2016,3,Temperature in Electrochemical Manufacturing,266,14,8445
2016,4,Elevated-Temperature in Electrochemistry,284,55,2224
2016,5,Elevated-Temperature Electrochemical Manufacturing,29,3,1483
2016,6,Ionic Liquids (All),0,0,11498
2016,7,ILs in Electrochemistry,0,0,2217
2016,8,ILs in Electrochemical Manufacturing,0,0,1124
2016,9,Elevated-T IL Electrochemical Manufacturing,0,0,51
2017,0,Electrochemistry,25673,11490,61885
2017,1,Electrochemical Manufacturing,4730,1357,33976
2017,2,Temperature in Electrochemistry,1613,231,16191
2017,3,Temperature in Electrochemical Manufacturing,377,39,11009
2017,4,Elevated-Temperature in Electrochemistry,290,60,2847
2017,5,Elevated-Temperature Electrochemical Manufacturing,50,3,1995
2017,6,Ionic Liquids (All),0,0,12003
2017,7,ILs in Electrochemistry,0,0,2516
2017,8,ILs in Electrochemical Manufacturing,0,0,1405
2017,9,Elevated-T IL Electrochemical Manufacturing,0,0,62
2018,0,Electrochemistry,27798,12393,67652
2018,1,Electrochemical Manufacturing,4978,1272,36569
2018,2,Temperature in Electrochemistry,1673,194,17167
2018,3,Temperature in Electrochemical Manufacturing,359,35,11392
2018,4,Elevated-Temperature in Electrochemistry,285,56,2684
2018,5,Elevated-Temperature Electrochemical Manufacturing,41,8,1787
2018,6,Ionic Liquids (All),0,0,12584
2018,7,ILs in Electrochemistry,0,0,2718
2018,8,ILs in Electrochemical Manufacturing,0,0,1479
2018,9,Elevated-T IL Electrochemical Manufacturing,0,0,79
2019,0,Electrochemistry,31531,13817,80462
2019,1,Electrochemical Manufacturing,5321,1347,45603
2019,2,Temperature in Electrochemistry,1716,205,20877
2019,3,Temperature in Electrochemical Manufacturing,377,31,14329
2019,4,Elevated-Temperature in Electrochemistry,273,45,3211
2019,5,Elevated-Temperature Electrochemical Manufacturing,28,1,2119
2019,6,Ionic Liquids (All),0,0,13280
2019,7,ILs in Electrochemistry,0,0,3055
2019,8,ILs in Electrochemical Manufacturing,0,0,1840
2019,9,Elevated-T IL Electrochemical Manufacturing,0,0,83
2020,0,Electrochemistry,34038,14899,83309
2020,1,Electrochemical Manufacturing,5522,1472,46846
2020,2,Temperature in Electrochemistry,1926,190,21094
2020,3,Temperature in Electrochemical Manufacturing,365,23,14315
2020,4,Elevated-Temperature in Electrochemistry,303,42,3278
2020,5,Elevated-Temperature Electrochemical Manufacturing,32,4,2154
2020,6,Ionic Liquids (All),0,0,13708
2020,7,ILs in Electrochemistry,0,0,3202
2020,8,ILs in Electrochemical Manufacturing,0,0,1952
2020,9,Elevated-T IL Electrochemical Manufacturing,0,0,99
2021,0,Electrochemistry,36195,15696,89271
2021,1,Electrochemical Manufacturing,5130,1438,47270
2021,2,Temperature in Electrochemistry,1751,243,20866
2021,3,Temperature in Electrochemical Manufacturing,317,29,13429
2021,4,Elevated-Temperature in Electrochemistry,292,53,3452
2021,5,Elevated-Temperature Electrochemical Manufacturing,36,9,2083
2021,6,Ionic Liquids (All),0,0,13292
2021,7,ILs in Electrochemistry,0,0,2986
2021,8,ILs in Electrochemical Manufacturing,0,0,1719
2021,9,Elevated-T IL Electrochemical Manufacturing,0,0,77
2022,0,Electrochemistry,38051,17177,102429
2022,1,Electrochemical Manufacturing,5332,1492,61706
2022,2,Temperature in Electrochemistry,1885,262,26771
2022,3,Temperature in Electrochemical Manufacturing,297,20,19457
2022,4,Elevated-Temperature in Electrochemistry,274,64,4262
2022,5,Elevated-Temperature Electrochemical Manufacturing,27,2,2806
2022,6,Ionic Liquids (All),0,0,13768
2022,7,ILs in Electrochemistry,0,0,3435
2022,8,ILs in Electrochemical Manufacturing,0,0,2259
2022,9,Elevated-T IL Electrochemical Manufacturing,0,0,131
2023,0,Electrochemistry,37274,17143,104642
2023,1,Electrochemical Manufacturing,5031,1474,65201
2023,2,Temperature in Electrochemistry,1826,276,27590
2023,3,Temperature in Electrochemical Manufacturing,316,31,20742
2023,4,Elevated-Temperature in Electrochemistry,284,67,4453
2023,5,Elevated-Temperature Electrochemical Manufacturing,32,4,3050
2023,6,Ionic Liquids (All),0,0,13335
2023,7,ILs in Electrochemistry,0,0,3341
2023,8,ILs in Electrochemical Manufacturing,0,0,2336
2023,9,Elevated-T IL Electrochemical Manufacturing,0,0,100
2024,0,Electrochemistry,39105,18856,112755
2024,1,Electrochemical Manufacturing,5244,1657,68398
2024,2,Temperature in Electrochemistry,1925,275,28831
2024,3,Temperature in Electrochemical Manufacturing,282,25,20838
2024,4,Elevated-Temperature in Electrochemistry,314,58,4807
2024,5,Elevated-Temperature Electrochemical Manufacturing,31,2,3177
2024,6,Ionic Liquids (All),0,0,13523
2024,7,ILs in Electrochemistry,0,0,3324
2024,8,ILs in Electrochemical Manufacturing,0,0,2279
2024,9,Elevated-T IL Electrochemical Manufacturing,0,0,120
2025,0,Electrochemistry,25061,13629,53964
2025,1,Electrochemical Manufacturing,3587,1174,20211
2025,2,Temperature in Electrochemistry,1327,194,9725
2025,3,Temperature in Electrochemical Manufacturing,194,25,4031
2025,4,Elevated-Temperature in Electrochemistry,242,44,2038
2025,5,Elevated-Temperature Electrochemical Manufacturing,23,5,768
2025,6,Ionic Liquids (All),0,0,6825
2025,7,ILs in Electrochemistry,0,0,1305
2025,8,ILs in Electrochemical Manufacturing,0,0,507
2025,9,Elevated-T IL Electrochemical Manufacturing,0,0,16
2026,0,Electrochemistry,128,73,104
2026,1,Electrochemical Manufacturing,23,6,37
2026,2,Temperature in Electrochemistry,10,1,19
2026,3,Temperature in Electrochemical Manufacturing,1,0,7
2026,4,Elevated-Temperature in Electrochemistry,2,1,7
2026,5,Elevated-Temperature Electrochemical Manufacturing,0,0,2
2026,6,Ionic Liquids (All),0,0,5
2027,0,Electrochemistry,0,0,1
